unit_id,true_state,machine,call
1,fail,M03,fail
1,fail,M05,fail
1,fail,M07,fail
2,pass,M03,pass
2,pass,M05,pass
2,pass,M07,pass
3,pass,M03,pass
3,pass,M05,pass
3,pass,M07,pass
4,pass,M03,pass
4,pass,M05,fail
4,pass,M07,pass
5,pass,M03,pass
5,pass,M05,pass
5,pass,M07,pass
6,pass,M03,pass
6,pass,M05,pass
6,pass,M07,pass
7,pass,M03,pass
7,pass,M05,pass
7,pass,M07,pass
8,pass,M03,pass
8,pass,M05,pass
8,pass,M07,pass
9,fail,M03,fail
9,fail,M05,fail
9,fail,M07,fail
10,pass,M03,pass
10,pass,M05,pass
10,pass,M07,pass
11,pass,M03,pass
11,pass,M05,pass
11,pass,M07,pass
12,pass,M03,pass
12,pass,M05,pass
12,pass,M07,pass
13,fail,M03,fail
13,fail,M05,fail
13,fail,M07,pass
14,pass,M03,pass
14,pass,M05,pass
14,pass,M07,fail
15,pass,M03,pass
15,pass,M05,pass
15,pass,M07,pass
16,fail,M03,fail
16,fail,M05,fail
16,fail,M07,fail
17,pass,M03,pass
17,pass,M05,pass
17,pass,M07,pass
18,fail,M03,fail
18,fail,M05,fail
18,fail,M07,fail
19,pass,M03,pass
19,pass,M05,pass
19,pass,M07,pass
20,fail,M03,fail
20,fail,M05,fail
20,fail,M07,fail
21,fail,M03,fail
21,fail,M05,fail
21,fail,M07,fail
22,pass,M03,pass
22,pass,M05,pass
22,pass,M07,pass
23,pass,M03,pass
23,pass,M05,pass
23,pass,M07,pass
24,pass,M03,pass
24,pass,M05,pass
24,pass,M07,pass
25,pass,M03,pass
25,pass,M05,pass
25,pass,M07,pass
26,pass,M03,pass
26,pass,M05,pass
26,pass,M07,fail
27,pass,M03,pass
27,pass,M05,pass
27,pass,M07,pass
28,pass,M03,pass
28,pass,M05,pass
28,pass,M07,pass
29,pass,M03,pass
29,pass,M05,pass
29,pass,M07,pass
30,pass,M03,pass
30,pass,M05,pass
30,pass,M07,pass
31,pass,M03,pass
31,pass,M05,pass
31,pass,M07,pass
32,fail,M03,pass
32,fail,M05,fail
32,fail,M07,fail
33,pass,M03,fail
33,pass,M05,pass
33,pass,M07,pass
34,pass,M03,pass
34,pass,M05,pass
34,pass,M07,pass
35,pass,M03,fail
35,pass,M05,pass
35,pass,M07,pass
36,pass,M03,pass
36,pass,M05,pass
36,pass,M07,pass
37,pass,M03,pass
37,pass,M05,pass
37,pass,M07,pass
38,pass,M03,pass
38,pass,M05,pass
38,pass,M07,pass
39,pass,M03,pass
39,pass,M05,pass
39,pass,M07,pass
40,pass,M03,pass
40,pass,M05,pass
40,pass,M07,pass
41,pass,M03,pass
41,pass,M05,pass
41,pass,M07,pass
42,pass,M03,pass
42,pass,M05,pass
42,pass,M07,pass
43,pass,M03,fail
43,pass,M05,pass
43,pass,M07,pass
44,fail,M03,fail
44,fail,M05,fail
44,fail,M07,pass
45,pass,M03,pass
45,pass,M05,pass
45,pass,M07,pass
46,pass,M03,pass
46,pass,M05,fail
46,pass,M07,pass
47,pass,M03,pass
47,pass,M05,pass
47,pass,M07,pass
48,pass,M03,pass
48,pass,M05,pass
48,pass,M07,pass
49,pass,M03,pass
49,pass,M05,pass
49,pass,M07,pass
50,pass,M03,pass
50,pass,M05,pass
50,pass,M07,pass
51,fail,M03,fail
51,fail,M05,fail
51,fail,M07,pass
52,pass,M03,pass
52,pass,M05,pass
52,pass,M07,pass
53,pass,M03,fail
53,pass,M05,pass
53,pass,M07,pass
54,pass,M03,pass
54,pass,M05,pass
54,pass,M07,pass
55,pass,M03,pass
55,pass,M05,pass
55,pass,M07,pass
56,fail,M03,fail
56,fail,M05,fail
56,fail,M07,fail
57,pass,M03,pass
57,pass,M05,pass
57,pass,M07,pass
58,pass,M03,pass
58,pass,M05,pass
58,pass,M07,pass
59,pass,M03,pass
59,pass,M05,pass
59,pass,M07,pass
60,pass,M03,fail
60,pass,M05,pass
60,pass,M07,pass
61,pass,M03,fail
61,pass,M05,pass
61,pass,M07,pass
62,pass,M03,pass
62,pass,M05,pass
62,pass,M07,pass
63,pass,M03,pass
63,pass,M05,pass
63,pass,M07,fail
64,pass,M03,pass
64,pass,M05,pass
64,pass,M07,pass
65,fail,M03,fail
65,fail,M05,fail
65,fail,M07,pass
66,pass,M03,pass
66,pass,M05,pass
66,pass,M07,pass
67,pass,M03,pass
67,pass,M05,pass
67,pass,M07,pass
68,pass,M03,pass
68,pass,M05,pass
68,pass,M07,pass
69,pass,M03,pass
69,pass,M05,pass
69,pass,M07,pass
70,pass,M03,pass
70,pass,M05,pass
70,pass,M07,pass
71,pass,M03,pass
71,pass,M05,pass
71,pass,M07,pass
72,pass,M03,pass
72,pass,M05,pass
72,pass,M07,pass
73,pass,M03,pass
73,pass,M05,pass
73,pass,M07,pass
74,pass,M03,pass
74,pass,M05,pass
74,pass,M07,pass
75,pass,M03,pass
75,pass,M05,pass
75,pass,M07,pass
76,pass,M03,pass
76,pass,M05,pass
76,pass,M07,pass
77,pass,M03,fail
77,pass,M05,pass
77,pass,M07,pass
78,pass,M03,pass
78,pass,M05,pass
78,pass,M07,pass
79,pass,M03,pass
79,pass,M05,fail
79,pass,M07,pass
80,pass,M03,pass
80,pass,M05,pass
80,pass,M07,pass
81,pass,M03,pass
81,pass,M05,pass
81,pass,M07,pass
82,pass,M03,pass
82,pass,M05,pass
82,pass,M07,pass
83,pass,M03,pass
83,pass,M05,pass
83,pass,M07,pass
84,pass,M03,pass
84,pass,M05,pass
84,pass,M07,pass
85,fail,M03,fail
85,fail,M05,fail
85,fail,M07,pass
86,pass,M03,pass
86,pass,M05,pass
86,pass,M07,pass
87,pass,M03,pass
87,pass,M05,pass
87,pass,M07,pass
88,fail,M03,fail
88,fail,M05,fail
88,fail,M07,pass
89,pass,M03,fail
89,pass,M05,pass
89,pass,M07,pass
90,pass,M03,pass
90,pass,M05,pass
90,pass,M07,pass
91,pass,M03,pass
91,pass,M05,pass
91,pass,M07,pass
92,pass,M03,pass
92,pass,M05,pass
92,pass,M07,pass
93,pass,M03,pass
93,pass,M05,pass
93,pass,M07,pass
94,pass,M03,fail
94,pass,M05,pass
94,pass,M07,pass
95,pass,M03,pass
95,pass,M05,pass
95,pass,M07,pass
96,fail,M03,fail
96,fail,M05,fail
96,fail,M07,pass
97,pass,M03,pass
97,pass,M05,pass
97,pass,M07,pass
98,fail,M03,pass
98,fail,M05,fail
98,fail,M07,fail
99,pass,M03,fail
99,pass,M05,pass
99,pass,M07,pass
100,pass,M03,pass
100,pass,M05,pass
100,pass,M07,pass
101,pass,M03,pass
101,pass,M05,pass
101,pass,M07,pass
102,pass,M03,pass
102,pass,M05,pass
102,pass,M07,pass
103,pass,M03,pass
103,pass,M05,pass
103,pass,M07,pass
104,pass,M03,pass
104,pass,M05,pass
104,pass,M07,pass
105,pass,M03,pass
105,pass,M05,pass
105,pass,M07,pass
106,pass,M03,pass
106,pass,M05,pass
106,pass,M07,pass
107,fail,M03,fail
107,fail,M05,fail
107,fail,M07,fail
108,pass,M03,pass
108,pass,M05,pass
108,pass,M07,pass
109,pass,M03,pass
109,pass,M05,fail
109,pass,M07,pass
110,pass,M03,pass
110,pass,M05,pass
110,pass,M07,pass
111,pass,M03,pass
111,pass,M05,pass
111,pass,M07,pass
112,pass,M03,pass
112,pass,M05,pass
112,pass,M07,pass
113,pass,M03,pass
113,pass,M05,pass
113,pass,M07,pass
114,pass,M03,pass
114,pass,M05,pass
114,pass,M07,pass
115,pass,M03,pass
115,pass,M05,pass
115,pass,M07,pass
116,pass,M03,pass
116,pass,M05,pass
116,pass,M07,pass
117,pass,M03,pass
117,pass,M05,pass
117,pass,M07,pass
118,pass,M03,pass
118,pass,M05,pass
118,pass,M07,pass
119,pass,M03,pass
119,pass,M05,pass
119,pass,M07,pass
120,fail,M03,fail
120,fail,M05,fail
120,fail,M07,fail
121,pass,M03,pass
121,pass,M05,pass
121,pass,M07,pass
122,pass,M03,pass
122,pass,M05,pass
122,pass,M07,pass
123,pass,M03,pass
123,pass,M05,pass
123,pass,M07,pass
124,pass,M03,pass
124,pass,M05,pass
124,pass,M07,pass
125,pass,M03,pass
125,pass,M05,pass
125,pass,M07,pass
126,fail,M03,fail
126,fail,M05,fail
126,fail,M07,fail
127,pass,M03,pass
127,pass,M05,pass
127,pass,M07,pass
128,pass,M03,pass
128,pass,M05,pass
128,pass,M07,pass
129,pass,M03,pass
129,pass,M05,pass
129,pass,M07,pass
130,pass,M03,pass
130,pass,M05,pass
130,pass,M07,pass
131,pass,M03,pass
131,pass,M05,pass
131,pass,M07,pass
132,pass,M03,pass
132,pass,M05,pass
132,pass,M07,pass
133,pass,M03,pass
133,pass,M05,pass
133,pass,M07,pass
134,pass,M03,pass
134,pass,M05,pass
134,pass,M07,pass
135,pass,M03,pass
135,pass,M05,pass
135,pass,M07,pass
136,fail,M03,fail
136,fail,M05,fail
136,fail,M07,fail
137,pass,M03,pass
137,pass,M05,pass
137,pass,M07,pass
138,pass,M03,pass
138,pass,M05,pass
138,pass,M07,pass
139,pass,M03,pass
139,pass,M05,pass
139,pass,M07,pass
140,fail,M03,fail
140,fail,M05,fail
140,fail,M07,fail
141,pass,M03,fail
141,pass,M05,pass
141,pass,M07,pass
142,pass,M03,pass
142,pass,M05,pass
142,pass,M07,pass
143,pass,M03,pass
143,pass,M05,pass
143,pass,M07,pass
144,pass,M03,pass
144,pass,M05,pass
144,pass,M07,pass
145,pass,M03,pass
145,pass,M05,pass
145,pass,M07,pass
146,pass,M03,fail
146,pass,M05,pass
146,pass,M07,pass
147,pass,M03,pass
147,pass,M05,pass
147,pass,M07,pass
148,fail,M03,fail
148,fail,M05,fail
148,fail,M07,pass
149,pass,M03,pass
149,pass,M05,pass
149,pass,M07,pass
150,pass,M03,fail
150,pass,M05,pass
150,pass,M07,pass
151,pass,M03,pass
151,pass,M05,pass
151,pass,M07,pass
152,pass,M03,pass
152,pass,M05,pass
152,pass,M07,pass
153,fail,M03,fail
153,fail,M05,fail
153,fail,M07,fail
154,pass,M03,pass
154,pass,M05,pass
154,pass,M07,pass
155,pass,M03,fail
155,pass,M05,fail
155,pass,M07,pass
156,pass,M03,pass
156,pass,M05,pass
156,pass,M07,pass
157,pass,M03,pass
157,pass,M05,pass
157,pass,M07,pass
158,pass,M03,pass
158,pass,M05,pass
158,pass,M07,pass
159,pass,M03,pass
159,pass,M05,pass
159,pass,M07,pass
160,pass,M03,fail
160,pass,M05,pass
160,pass,M07,pass
161,pass,M03,pass
161,pass,M05,pass
161,pass,M07,pass
162,pass,M03,pass
162,pass,M05,pass
162,pass,M07,pass
163,pass,M03,pass
163,pass,M05,pass
163,pass,M07,pass
164,pass,M03,pass
164,pass,M05,pass
164,pass,M07,pass
165,pass,M03,pass
165,pass,M05,pass
165,pass,M07,pass
166,fail,M03,fail
166,fail,M05,fail
166,fail,M07,fail
167,pass,M03,pass
167,pass,M05,pass
167,pass,M07,pass
168,fail,M03,fail
168,fail,M05,fail
168,fail,M07,pass
169,pass,M03,pass
169,pass,M05,pass
169,pass,M07,pass
170,fail,M03,fail
170,fail,M05,fail
170,fail,M07,pass
171,fail,M03,fail
171,fail,M05,fail
171,fail,M07,fail
172,pass,M03,pass
172,pass,M05,pass
172,pass,M07,pass
173,pass,M03,pass
173,pass,M05,pass
173,pass,M07,pass
174,fail,M03,fail
174,fail,M05,fail
174,fail,M07,pass
175,pass,M03,pass
175,pass,M05,pass
175,pass,M07,pass
176,fail,M03,fail
176,fail,M05,pass
176,fail,M07,pass
177,pass,M03,fail
177,pass,M05,pass
177,pass,M07,pass
178,pass,M03,pass
178,pass,M05,pass
178,pass,M07,pass
179,fail,M03,fail
179,fail,M05,fail
179,fail,M07,pass
180,pass,M03,pass
180,pass,M05,pass
180,pass,M07,pass
181,fail,M03,fail
181,fail,M05,fail
181,fail,M07,fail
182,pass,M03,pass
182,pass,M05,pass
182,pass,M07,fail
183,pass,M03,pass
183,pass,M05,pass
183,pass,M07,pass
184,pass,M03,pass
184,pass,M05,pass
184,pass,M07,pass
185,fail,M03,fail
185,fail,M05,fail
185,fail,M07,pass
186,pass,M03,pass
186,pass,M05,pass
186,pass,M07,pass
187,pass,M03,pass
187,pass,M05,pass
187,pass,M07,pass
188,pass,M03,pass
188,pass,M05,pass
188,pass,M07,pass
189,pass,M03,pass
189,pass,M05,pass
189,pass,M07,pass
190,pass,M03,pass
190,pass,M05,pass
190,pass,M07,pass
191,pass,M03,pass
191,pass,M05,pass
191,pass,M07,pass
192,pass,M03,pass
192,pass,M05,pass
192,pass,M07,pass
193,pass,M03,pass
193,pass,M05,pass
193,pass,M07,pass
194,pass,M03,pass
194,pass,M05,pass
194,pass,M07,pass
195,pass,M03,pass
195,pass,M05,pass
195,pass,M07,pass
196,fail,M03,fail
196,fail,M05,fail
196,fail,M07,fail
197,pass,M03,fail
197,pass,M05,pass
197,pass,M07,pass
198,pass,M03,pass
198,pass,M05,pass
198,pass,M07,pass
199,pass,M03,fail
199,pass,M05,pass
199,pass,M07,pass
200,pass,M03,pass
200,pass,M05,pass
200,pass,M07,pass
201,pass,M03,pass
201,pass,M05,pass
201,pass,M07,pass
202,pass,M03,pass
202,pass,M05,pass
202,pass,M07,pass
203,fail,M03,pass
203,fail,M05,fail
203,fail,M07,fail
204,pass,M03,pass
204,pass,M05,pass
204,pass,M07,pass
205,fail,M03,fail
205,fail,M05,fail
205,fail,M07,fail
206,pass,M03,fail
206,pass,M05,pass
206,pass,M07,pass
207,pass,M03,fail
207,pass,M05,pass
207,pass,M07,pass
208,pass,M03,pass
208,pass,M05,pass
208,pass,M07,pass
209,pass,M03,pass
209,pass,M05,pass
209,pass,M07,pass
210,pass,M03,pass
210,pass,M05,pass
210,pass,M07,pass
211,pass,M03,pass
211,pass,M05,pass
211,pass,M07,pass
212,pass,M03,pass
212,pass,M05,pass
212,pass,M07,pass
213,pass,M03,pass
213,pass,M05,pass
213,pass,M07,pass
214,fail,M03,fail
214,fail,M05,fail
214,fail,M07,pass
215,pass,M03,pass
215,pass,M05,pass
215,pass,M07,pass
216,fail,M03,fail
216,fail,M05,fail
216,fail,M07,fail
217,pass,M03,fail
217,pass,M05,pass
217,pass,M07,pass
218,pass,M03,fail
218,pass,M05,pass
218,pass,M07,pass
219,pass,M03,pass
219,pass,M05,pass
219,pass,M07,pass
220,fail,M03,pass
220,fail,M05,fail
220,fail,M07,pass
221,pass,M03,pass
221,pass,M05,pass
221,pass,M07,pass
222,pass,M03,pass
222,pass,M05,pass
222,pass,M07,pass
223,fail,M03,fail
223,fail,M05,fail
223,fail,M07,fail
224,pass,M03,pass
224,pass,M05,pass
224,pass,M07,pass
225,pass,M03,fail
225,pass,M05,pass
225,pass,M07,pass
226,pass,M03,pass
226,pass,M05,pass
226,pass,M07,pass
227,pass,M03,pass
227,pass,M05,pass
227,pass,M07,pass
228,pass,M03,pass
228,pass,M05,pass
228,pass,M07,pass
229,fail,M03,fail
229,fail,M05,pass
229,fail,M07,fail
230,pass,M03,pass
230,pass,M05,pass
230,pass,M07,pass
231,pass,M03,pass
231,pass,M05,pass
231,pass,M07,pass
232,pass,M03,pass
232,pass,M05,pass
232,pass,M07,pass
233,pass,M03,pass
233,pass,M05,pass
233,pass,M07,pass
234,pass,M03,pass
234,pass,M05,pass
234,pass,M07,pass
235,pass,M03,pass
235,pass,M05,pass
235,pass,M07,pass
236,pass,M03,pass
236,pass,M05,pass
236,pass,M07,pass
237,fail,M03,fail
237,fail,M05,fail
237,fail,M07,fail
238,pass,M03,pass
238,pass,M05,pass
238,pass,M07,pass
239,pass,M03,pass
239,pass,M05,pass
239,pass,M07,pass
240,pass,M03,fail
240,pass,M05,pass
240,pass,M07,pass
241,pass,M03,fail
241,pass,M05,pass
241,pass,M07,pass
242,pass,M03,fail
242,pass,M05,pass
242,pass,M07,pass
243,pass,M03,pass
243,pass,M05,pass
243,pass,M07,pass
244,pass,M03,pass
244,pass,M05,pass
244,pass,M07,pass
245,pass,M03,pass
245,pass,M05,pass
245,pass,M07,pass
246,pass,M03,fail
246,pass,M05,pass
246,pass,M07,pass
247,pass,M03,fail
247,pass,M05,pass
247,pass,M07,pass
248,pass,M03,pass
248,pass,M05,pass
248,pass,M07,pass
249,fail,M03,fail
249,fail,M05,pass
249,fail,M07,pass
250,pass,M03,pass
250,pass,M05,pass
250,pass,M07,pass
251,pass,M03,pass
251,pass,M05,pass
251,pass,M07,pass
252,pass,M03,pass
252,pass,M05,pass
252,pass,M07,pass
253,fail,M03,fail
253,fail,M05,fail
253,fail,M07,fail
254,fail,M03,fail
254,fail,M05,fail
254,fail,M07,pass
255,fail,M03,pass
255,fail,M05,fail
255,fail,M07,pass
256,pass,M03,pass
256,pass,M05,fail
256,pass,M07,pass
257,pass,M03,pass
257,pass,M05,pass
257,pass,M07,pass
258,pass,M03,pass
258,pass,M05,pass
258,pass,M07,pass
259,pass,M03,pass
259,pass,M05,pass
259,pass,M07,pass
260,pass,M03,pass
260,pass,M05,pass
260,pass,M07,pass
261,pass,M03,pass
261,pass,M05,pass
261,pass,M07,pass
262,pass,M03,pass
262,pass,M05,pass
262,pass,M07,pass
263,fail,M03,fail
263,fail,M05,fail
263,fail,M07,pass
264,fail,M03,pass
264,fail,M05,fail
264,fail,M07,fail
265,pass,M03,pass
265,pass,M05,pass
265,pass,M07,pass
266,pass,M03,pass
266,pass,M05,pass
266,pass,M07,pass
267,pass,M03,pass
267,pass,M05,pass
267,pass,M07,pass
268,pass,M03,pass
268,pass,M05,pass
268,pass,M07,pass
269,pass,M03,fail
269,pass,M05,pass
269,pass,M07,pass
270,pass,M03,pass
270,pass,M05,pass
270,pass,M07,pass
271,pass,M03,pass
271,pass,M05,fail
271,pass,M07,pass
272,pass,M03,pass
272,pass,M05,pass
272,pass,M07,pass
273,pass,M03,pass
273,pass,M05,pass
273,pass,M07,pass
274,pass,M03,pass
274,pass,M05,pass
274,pass,M07,pass
275,pass,M03,fail
275,pass,M05,pass
275,pass,M07,pass
276,pass,M03,pass
276,pass,M05,pass
276,pass,M07,pass
277,pass,M03,pass
277,pass,M05,pass
277,pass,M07,pass
278,pass,M03,pass
278,pass,M05,pass
278,pass,M07,pass
279,pass,M03,pass
279,pass,M05,pass
279,pass,M07,pass
280,pass,M03,pass
280,pass,M05,pass
280,pass,M07,pass
281,pass,M03,pass
281,pass,M05,pass
281,pass,M07,pass
282,pass,M03,pass
282,pass,M05,pass
282,pass,M07,pass
283,pass,M03,pass
283,pass,M05,pass
283,pass,M07,pass
284,fail,M03,fail
284,fail,M05,pass
284,fail,M07,fail
285,pass,M03,pass
285,pass,M05,pass
285,pass,M07,pass
286,pass,M03,pass
286,pass,M05,pass
286,pass,M07,pass
287,pass,M03,pass
287,pass,M05,pass
287,pass,M07,pass
288,pass,M03,pass
288,pass,M05,pass
288,pass,M07,pass
289,pass,M03,pass
289,pass,M05,pass
289,pass,M07,pass
290,pass,M03,pass
290,pass,M05,pass
290,pass,M07,pass
291,pass,M03,pass
291,pass,M05,pass
291,pass,M07,pass
292,pass,M03,fail
292,pass,M05,pass
292,pass,M07,pass
293,pass,M03,pass
293,pass,M05,pass
293,pass,M07,pass
294,pass,M03,pass
294,pass,M05,pass
294,pass,M07,pass
295,pass,M03,pass
295,pass,M05,pass
295,pass,M07,pass
296,pass,M03,fail
296,pass,M05,pass
296,pass,M07,pass
297,pass,M03,pass
297,pass,M05,pass
297,pass,M07,pass
298,fail,M03,fail
298,fail,M05,fail
298,fail,M07,fail
299,pass,M03,pass
299,pass,M05,pass
299,pass,M07,pass
300,pass,M03,pass
300,pass,M05,pass
300,pass,M07,pass
